"WBS_ID","기능명","시작일","종료일","소요(주)","Sprint","Label","Priority"
"001","프로젝트 레포지토리 초기 설정 (GitLab, Branch 전략)","2026-06-08","2026-06-21","2","Sprint 0","infra","P0"
"002","GitLab Auto-DevOps 파이프라인 `.gitlab-ci.yml` 구축","2026-06-08","2026-06-21","2","Sprint 0","infra","P0"
"003","Docker Compose 환경 구성 (PostgreSQL, Redis, RabbitMQ)","2026-06-08","2026-06-21","2","Sprint 0","infra","P0"
"004","PostgreSQL 스키마 Flyway Migration v001 생성","2026-06-08","2026-06-21","2","Sprint 0","database","P0"
"005","FE 프로토타입 Git Push → Auto-DevOps 연동 검증","2026-06-08","2026-06-21","2","Sprint 0","frontend","P1"
"101","Spring Security + JWT 토큰 발급/검증 설정","2026-06-22","2026-07-05","2","Sprint 1","auth","P0"
"102","회원가입 API (`POST /api/auth/register`)","2026-06-22","2026-07-05","2","Sprint 1","auth","P0"
"103","로그인 API (`POST /api/auth/login`), JWT Access/Refresh Token","2026-06-22","2026-07-05","2","Sprint 1","auth","P0"
"104","토큰 갱신 API (`POST /api/auth/refresh`)","2026-06-22","2026-07-05","2","Sprint 1","auth","P0"
"105","/logout API, Refresh Token Redis 저장","2026-06-22","2026-07-05","2","Sprint 1","auth","P1"
"106","RBAC Authorization Filter (@PreAuthorize)","2026-06-22","2026-07-05","2","Sprint 1","auth","P0"
"107","FE 로그인/회원가입 페이지 백엔드 연동","2026-06-22","2026-07-05","2","Sprint 1","frontend","P0"
"201","Company CRUD API (`/api/companies`)","2026-07-06","2026-07-19","2","Sprint 2","admin","P0"
"202","User CRUD API (`/api/users`) — Role별 company 스코프","2026-07-06","2026-07-19","2","Sprint 2","admin","P0"
"203","User 상태 관리 (ACTIVE / INACTIVE / DISABLED)","2026-07-06","2026-07-19","2","Sprint 2","admin","P0"
"204","ADMIN vs COMPANY_ADMIN 권한 분리","2026-07-06","2026-07-19","2","Sprint 2","admin","P0"
"205","FE CompaniesView 백엔드 연동","2026-07-06","2026-07-19","2","Sprint 2","frontend","P0"
"206","FE UsersView 백엔드 연동","2026-07-06","2026-07-19","2","Sprint 2","frontend","P0"
"301","Project CRUD API (`/api/projects`) — Soft Delete","2026-07-20","2026-08-02","2","Sprint 3","project","P0"
"302","Project Manager 배정 API (`POST /api/projects/{id}/managers`)","2026-07-20","2026-08-02","2","Sprint 3","project","P0"
"303","Project Support Manager 배정 API","2026-07-20","2026-08-02","2","Sprint 3","project","P0"
"304","Project 상태 관리 (ACTIVE / COMPLETED / ON_HOLD / CANCELLED)","2026-07-20","2026-08-02","2","Sprint 3","project","P1"
"305","Project 상세 조회 API (관리자/멤버 정보 포함)","2026-07-20","2026-08-02","2","Sprint 3","project","P1"
"306","FE ProjectsView 백엔드 연동","2026-07-20","2026-08-02","2","Sprint 3","frontend","P0"
"401","Ticket CRUD API (`/api/tickets`)","2026-08-03","2026-08-23","3","Sprint 4","ticket","P0"
"402","Ticket 상태 전이 엔진 (REGISTERED → RECEIVED → PROCESSING → COMPLETED)","2026-08-03","2026-08-23","3","Sprint 4","ticket","P0"
"403","Ticket 목록 API — 상태/유형/프로젝트/assignee 필터","2026-08-03","2026-08-23","3","Sprint 4","ticket","P0"
"404","Ticket 상세 API (상태리본, Action 버튼, 이력 포함)","2026-08-03","2026-08-23","3","Sprint 4","ticket","P0"
"405","Ticket Comment API (`/api/tickets/{id}/comments`)","2026-08-03","2026-08-23","3","Sprint 4","ticket","P0"
"406","Ticket 이력 Audit Trail API (`/api/tickets/{id}/history`)","2026-08-03","2026-08-23","3","Sprint 4","ticket","P0"
"407","Support Manager 배정 API (`PATCH /api/tickets/{id}/assign`)","2026-08-03","2026-08-23","3","Sprint 4","ticket","P0"
"408","진행 상황 업데이트 API (`PATCH /api/tickets/{id}/progress`)","2026-08-03","2026-08-23","3","Sprint 4","ticket","P1"
"409","완료 요청/승인/반려 API (`PATCH /api/tickets/{id}/complete`)","2026-08-03","2026-08-23","3","Sprint 4","ticket","P0"
"410","지연(Delayed) 상태 관리 API","2026-08-03","2026-08-23","3","Sprint 4","ticket","P1"
"411","FE TicketList 백엔드 연동","2026-08-03","2026-08-23","3","Sprint 4","frontend","P0"
"412","FE TicketDetail 백엔드 연동 (상태리본, 액션버튼, 이력타임라인)","2026-08-03","2026-08-23","3","Sprint 4","frontend","P0"
"501","WebSocket config (STOMP over SockJS)","2026-08-24","2026-09-13","3","Sprint 5","chat","P0"
"502","Ticket 내 채팅 메시지 CRUD (`/ws/app/ticket-{id}`)","2026-08-24","2026-09-13","3","Sprint 5","chat","P0"
"503","채팅 메시지 WebSocket 브로드캐스팅 (RabbitMQ 연동)","2026-08-24","2026-09-13","3","Sprint 5","chat","P0"
"504","typing Indicator WebSocket 전송","2026-08-24","2026-09-13","3","Sprint 5","chat","P1"
"505","파일 첨부 메시지 지원","2026-08-24","2026-09-13","3","Sprint 5","chat","P1"
"506","알림 구독 API (새 티켓 배정, 상태 변경)","2026-08-24","2026-09-13","3","Sprint 5","notification","P0"
"507","RabbitMQ 비동기 알림 큐","2026-08-24","2026-09-13","3","Sprint 5","notification","P0"
"508","Spring @Scheduled — 마감일 만료 감지 Cron","2026-08-24","2026-09-13","3","Sprint 5","backend","P1"
"509","FE Chat 컴포넌트 WebSocket 연동","2026-08-24","2026-09-13","3","Sprint 5","frontend","P0"
"601","System Settings API (비즈니스 캘린더, 공휴일)","2026-09-14","2026-09-20","1","Sprint 6","admin","P1"
"602","대시보드 통계 API (티켓 수, 상태별 분포, SLA 준수율)","2026-09-14","2026-09-20","1","Sprint 6","dashboard","P0"
"603","공지사항 API","2026-09-14","2026-09-20","1","Sprint 6","admin","P2"
"604","FE DashboardView 백엔드 연동","2026-09-14","2026-09-20","1","Sprint 6","frontend","P0"
"605","FE SettingsView 백엔드 연동","2026-09-14","2026-09-20","1","Sprint 6","frontend","P2"
"701","통합 End-to-End 테스트 (API + FE)","2026-09-21","2026-09-27","1","Sprint 7","qa","P0"
"702","UAT (사용자 acceptance 테스트) — 피드백 반영","2026-09-21","2026-09-27","1","Sprint 7","qa","P0"
"703","스테이징 배포 (stage.nutrust.kr)","2026-09-21","2026-09-27","1","Sprint 7","deploy","P0"
"704","프로덕션 배포 (nutrust.kr)","2026-09-21","2026-09-27","1","Sprint 7","deploy","P0"
"705","성능/보안 테스트 (Rate Limiting, JWT 검증)","2026-09-21","2026-09-27","1","Sprint 7","security","P1"
